{
  "short_text_high_confidence": {
    "mean": 12.8919328125221,
    "median": 14.6291500004736,
    "p95": 26.67949999886332,
    "p99": 29.03349999905913,
    "min": 4.11569999778294,
    "max": 29.03349999905913,
    "std_dev": 8.575072710138949,
    "total_requests": 64,
    "failed_requests": 36
  },
  "medium_text_medium_confidence": {
    "mean": 5.138700000922351,
    "median": 5.023500001698267,
    "p95": 5.629200000839774,
    "p99": 5.629200000839774,
    "min": 4.763400000229012,
    "max": 5.629200000839774,
    "std_dev": 0.44424732990792454,
    "total_requests": 3,
    "failed_requests": 97
  },
  "long_text_low_confidence": {
    "mean": 12.24568762872596,
    "median": 7.516300000133924,
    "p95": 26.209799998468952,
    "p99": 47.37540000132867,
    "min": 3.7663000002794433,
    "max": 47.37540000132867,
    "std_dev": 8.547722680843295,
    "total_requests": 97,
    "failed_requests": 3
  },
  "analyze_endpoint": {
    "mean": 13.553976000293915,
    "median": 15.228899999783607,
    "p95": 27.22150000045076,
    "p99": 30.089699997915886,
    "min": 4.025300000648713,
    "max": 30.089699997915886,
    "std_dev": 7.912348579083838,
    "total_requests": 100,
    "failed_requests": 0
  }
}